PrimarySatellite,SecondarySatellite,TCA_EpDay,TCA_UTCG,Range,RangeX,RangeY,RangeZ,Velocity,VelocityX,VelocityY,VelocityZ,Latitude,Longitude,Altitude,PrimaryAge,SecondaryAge,PrimaryCluster,SecondaryCluster,DateGenerated
9509--COSMOS 864,20804--COSMOS 2100,0.0164497916667,2020-05-22 00:23:41.262000,4.41061128586,-1.77248080861,-4.00626625557,-0.511502089539,1.98880229347,-0.0392249385884,0.268891357365,-1.97015060456,82.9137606573,-154.607123042,1004.96073146,2020-05-21 21:06:28,2020-05-21 15:21:39,975,975,2020-05-23 00:00:00,
20788--FENGYUN 1B,4237--OPS 7613 (P/L 4),0.0205475115741,2020-05-22 00:29:35.305000,3.95764328683,-3.85410269201,0.871138143914,0.223497560144,3.79950597582,0.00530357455073,0.966333826597,-3.6745634391,14.4433711358,85.1361264693,893.965643287,2020-05-21 21:59:48,2020-05-21 20:30:42,850,LEO,2020-05-23 00:00:00,
7009--SL-8 R/B,11586--SL-8 R/B,0.0283285416667,2020-05-22 00:40:47.586000,2.90391375133,2.15549467881,0.897357507939,-1.72664624858,13.015696326,-0.00245539831181,11.5491805308,6.0020641357,-74.6237203749,-48.3095726873,1016.8916794,2020-05-21 18:37:11,2020-05-21 19:57:37,975,975,2020-05-23 00:00:00,
9494--COSMOS 861,12092--SL-8 R/B,0.0374151041667,2020-05-22 00:53:52.665000,2.92903383199,-2.90923576891,-0.182712123843,0.286710149195,12.2362065081,0.0270377696099,10.1966385042,6.76406548475,-58.2908710132,106.562478338,1003.1199267,2020-05-21 21:45:45,2020-05-21 19:20:47,975,975,2020-05-23 00:00:00,
16510--COSMOS 1727,8597--SL-8 R/B,0.0391913541667,2020-05-22 00:56:26.133000,3.87555460635,-3.47545284956,0.214265095052,1.7015409094,14.5815662049,0.000948142608013,14.4677077656,-1.81865447414,-11.0772744616,99.9149405918,994.837074896,2020-05-21 15:57:15,2020-05-21 18:14:49,975,975,2020-05-23 00:00:00,
18160--COSMOS 1864,20046--SL-8 R/B,0.0432447916667,2020-05-22 01:02:16.350000,2.39671431417,2.14874692303,0.329318604523,-1.00929451659,13.9611655851,-0.0124723840929,13.2787029091,4.31161663247,66.6654974658,133.566524489,1012.6229756,2020-05-21 19:42:36,2020-05-21 17:31:25,975,975,2020-05-23 00:00:00,
11379--SL-8 R/B,19922--SL-8 R/B,0.0524456828704,2020-05-22 01:15:31.307000,3.19125555999,0.716891493254,1.56826159441,2.68528102954,12.745777525,0.0291919139114,11.0026345513,-6.43397431453,75.9817033798,123.683993391,969.564120591,2020-05-21 20:12:31,2020-05-21 17:54:29,975,975,2020-05-23 00:00:00,
7575--SL-3 R/B,15986--COSMOS 1677,0.0535189699074,2020-05-22 01:17:04.039000,3.02937331895,-2.95515364304,-0.647865129042,0.156334340857,4.27450262651,-0.0457007930066,1.19816703531,4.10288677605,-55.7719568929,78.2014845025,913.714111666,2020-05-21 23:51:09,2020-05-21 22:08:18,850,LEO,2020-05-23 00:00:00,
22006--COSMOS 2195,22308--SL-8 R/B,0.0635706712963,2020-05-22 01:31:32.506000,1.64316697699,1.14867096682,0.185098906152,-1.16029785796,14.5681491592,-0.00799362238348,14.3871301723,2.28940853281,38.6937720169,5.21988413998,973.046463852,2020-05-21 20:38:55,2020-05-22 01:04:47,975,975,2020-05-23 00:00:00,
23342--RESURS O1,16612--SL-14 R/B,0.0724467361111,2020-05-22 01:44:19.398000,4.07317492929,3.22989058883,0.00747428639917,-2.48163351925,15.0831416736,0.0181081797303,15.0829730103,0.0689928460646,28.5201273381,110.388594802,634.249602524,2020-05-21 18:33:52,2020-05-21 19:20:59,615,615,2020-05-23 00:00:00,
21130--COSMOS 2135,118--THOR ABLESTAR R/B,0.0878533333333,2020-05-22 02:06:30.528000,2.61479599277,2.60243752171,-0.193608931564,0.164294281696,10.0877863214,0.0507695004522,6.91289933242,7.34660997635,-66.1122814004,167.812558058,946.75015265,2020-05-22 00:41:16,2020-05-21 19:42:54,975,LEO,2020-05-23 00:00:00,
21937--COSMOS 2184,15293--SL-8 R/B,0.0906894791667,2020-05-22 02:10:35.571000,4.67807201767,3.72218370031,-2.78068464233,-0.545434893943,2.59154223367,-0.0328332190778,0.456430278583,-2.550820364,82.8600919314,142.174158538,1007.81722455,2020-05-21 21:01:01,2020-05-22 01:44:49,975,975,2020-05-23 00:00:00,
22006--COSMOS 2195,22308--SL-8 R/B,0.100059456019,2020-05-22 02:24:05.137000,4.37208369419,4.35098926421,0.0682202640687,0.423502358057,14.4969862444,-0.00378186946983,14.3167743482,-2.2787207222,-38.6745051006,172.017153925,1010.6658487,2020-05-21 20:38:55,2020-05-22 01:04:47,975,975,2020-05-23 00:00:00,
26818--COSMOS 2378,37795--BPA-2/SL-24 R/B,0.106741215278,2020-05-22 02:33:42.441000,3.20806573736,-0.0890084046323,-1.98610681346,2.51776547849,11.5018280851,-0.290961842298,9.03284538041,7.1144286376,-80.2826308007,12.1169105812,1037.85730909,2020-05-21 21:47:28,2020-05-22 01:22:58,975,LEO,2020-05-23 00:00:00,
16510--COSMOS 1727,8597--SL-8 R/B,0.111971030093,2020-05-22 02:41:14.297000,3.75287175254,-3.46775152342,-0.178514244005,-1.42368480624,14.5817469387,0.00142142295801,14.467886337,-1.81868268336,-10.9797987438,73.576325903,994.740850471,2020-05-22 01:53:53,2020-05-21 18:14:49,975,975,2020-05-23 00:00:00,
13243--COSMOS 1372,3081--COSMOS 198,0.12258931713,2020-05-22 02:56:31.717000,1.26787941359,1.10965080024,0.562889038045,-0.243616994037,5.87769100145,-0.00629024178131,2.34472433867,5.38975692559,-62.7250789525,-79.138370953,930.529470822,2020-05-21 18:39:36,2020-05-21 22:15:46,975,LEO,2020-05-23 00:00:00,
18749--SL-14 R/B,22627--SL-14 R/B,0.122927511574,2020-05-22 02:57:00.937000,4.18414662183,3.02824406662,-0.553209975435,-2.83386300816,14.8337124383,0.0409457142455,14.5671408495,-2.79924197276,46.5691200148,-90.0682964852,629.631591492,2020-05-21 18:26:55,2020-05-22 02:44:21,615,615,2020-05-23 00:00:00,
14147--COSMOS 1470,28738--CZ-2D R/B,0.123618923611,2020-05-22 02:58:00.675000,4.61846378568,-4.55460482521,0.489042911525,0.588744134956,11.6091588069,-0.0138308175658,8.8774530608,-7.48085583784,80.2912163683,-166.975358519,545.789803318,2020-05-21 21:49:48,2020-05-22 02:35:53,615,615,2020-05-23 00:00:00,
19467--FENGYUN 1A,8846--SL-3 R/B,0.123813148148,2020-05-22 02:58:17.456000,3.77303818357,-3.68801387381,0.163730039316,-0.779463453563,14.5142713881,0.0248392931069,14.228314271,2.86679785528,80.7722319788,136.740240088,897.185742525,2020-05-22 02:32:52,2020-05-22 02:33:27,850,850,2020-05-23 00:00:00,
22006--COSMOS 2195,22308--SL-8 R/B,0.136321087963,2020-05-22 03:16:18.142000,3.09910896735,1.11942433251,-0.453967277528,2.8539935645,14.5680404853,-0.00740550952332,14.3870234699,2.28938952926,38.5938701267,-21.1162018825,973.065856336,2020-05-21 20:38:55,2020-05-22 01:04:47,975,975,2020-05-23 00:00:00,
16408--METEOR 2-13,11081--DELTA 1 R/B(+CAMEO),0.14285806713,2020-05-22 03:25:42.937000,3.55770595623,2.43378747225,-0.0496246153036,2.59451105384,14.7619852185,-0.0136348262221,14.7590738072,0.292851560955,30.8301626199,105.219428656,947.417949316,2020-05-21 18:02:37,2020-05-22 01:32:46,975,975,2020-05-23 00:00:00,
12319--COSMOS 1249,23773--COSMOS 2327,0.143364074074,2020-05-22 03:26:26.656000,4.67418433731,-1.09113673967,-1.46823630684,-4.30136048033,13.9487484446,-0.0542405818627,13.2050598122,-4.49344372235,30.6158468906,28.9297798247,970.80158919,2020-05-22 02:43:58,2020-05-22 02:10:46,975,975,2020-05-23 00:00:00,
21418--COSMOS 2150,27430--HAIYANG 1,0.147656597222,2020-05-22 03:32:37.530000,1.80135942947,-0.319909585404,-1.13760487835,1.35956198536,11.4536324567,-0.0099521298773,8.78523280659,7.34882861028,73.078758572,13.6086554214,794.057336948,2020-05-22 03:14:08,2020-05-21 23:41:59,775,775,2020-05-23 00:00:00,
9443--COSMOS 858,27430--HAIYANG 1,0.148783819444,2020-05-22 03:34:14.922000,2.74248520392,2.60174410211,-0.176311045832,0.849156720494,14.6057029595,-0.0142199474547,14.2925165889,3.00837602212,67.8670199361,5.48313952922,795.916608805,2020-05-21 20:31:41,2020-05-21 23:41:59,775,775,2020-05-23 00:00:00,
28060--SERVIS 1,16368--COSMOS 1709,0.149373611111,2020-05-22 03:35:05.880000,3.14425922311,-1.69200296821,-0.232560952128,-2.6399635265,14.6790767165,0.0165470913143,14.6214034859,-1.29983827672,74.3749569627,173.579877129,989.431226346,2020-05-22 01:40:21,2020-05-22 01:57:24,975,975,2020-05-23 00:00:00,
32062--CBERS 2B,13992--SL-8 R/B,0.152192094907,2020-05-22 03:39:09.397000,3.56532580731,-0.111815050973,2.87924479714,-2.09976067797,8.79490106678,0.0188082628695,5.18305323641,7.1053423684,-68.8599259874,-137.862308533,792.039222799,2020-05-21 22:58:34,2020-05-21 17:58:27,775,775,2020-05-23 00:00:00,
23773--COSMOS 2327,14974--SL-8 R/B,0.157342800926,2020-05-22 03:46:34.418000,1.28644697023,0.934376829625,0.514729901084,0.718984614853,11.898073409,0.0371101355807,9.65114702222,-6.95831408024,77.9607967107,164.705942463,1020.11047077,2020-05-22 02:10:46,2020-05-21 22:22:31,975,975,2020-05-23 00:00:00,
11378--COSMOS 1104,21876--SL-8 R/B,0.158835486111,2020-05-22 03:48:43.386000,3.86938623585,-3.37360990156,-0.715861919494,1.75455059389,13.6343569398,0.0169177205281,12.6126332638,5.17850220692,-71.2284341394,-54.2120420596,982.420658374,2020-05-21 21:45:34,2020-05-22 03:06:27,975,975,2020-05-23 00:00:00,
15032--SL-8 R/B,27430--HAIYANG 1,0.165042662037,2020-05-22 03:57:39.686000,2.43129798609,1.89739527033,-0.100485353809,1.51690598883,14.8745259794,-0.0160103586937,14.8405582235,1.00453889802,-14.5140581102,-23.827199113,793.446778874,2020-05-21 19:39:51,2020-05-21 23:41:59,775,775,2020-05-23 00:00:00,
20805--SL-8 R/B,24678--SL-8 R/B,0.17466125,2020-05-22 04:11:30.732000,2.66785313038,2.14304594842,1.53323779532,0.417104604621,3.78602479225,0.0182011477279,0.970016295811,-3.65960664985,82.7257526607,148.423718983,1013.01296992,2020-05-22 01:00:04,2020-05-22 00:47:17,975,975,2020-05-23 00:00:00,
4419--METEOR 1-5,25394--RESURS O1-N4,0.196122719907,2020-05-22 04:42:25.003000,3.44510347681,1.02457751687,0.0202723476923,3.28915914935,14.8767343898,0.00150761790356,14.8764560115,-0.0909965233763,-78.9287503767,-178.452923485,840.982661356,2020-05-21 18:58:58,2020-05-22 00:02:19,850,850,2020-05-23 00:00:00,
15370--SL-14 R/B,27421--SPOT 5,0.207281423611,2020-05-22 04:58:29.115000,1.89335932351,0.856993298516,0.706240074257,-1.53349175796,13.7111090553,0.0426592060227,12.4432962288,5.75821766544,-81.3255982877,8.33468903748,658.131290174,2020-05-21 21:18:32,2020-05-22 03:44:19,615,LEO,2020-05-23 00:00:00,
8591--COSMOS 789,9846--COSMOS 894,0.20830869213,2020-05-22 04:59:57.871000,3.4029075571,2.6304826952,-1.4214512722,-1.62475133887,11.0799431578,-0.00482317437093,8.33480519628,-7.30042049872,-79.324074171,-59.6081406862,995.709190056,2020-05-21 17:29:22,2020-05-21 22:58:55,975,975,2020-05-23 00:00:00,
10137--COSMOS 926,25592--SL-8 R/B,0.223359756944,2020-05-22 05:21:38.283000,2.78556594926,-2.59519242665,-0.165199640684,0.998530422684,14.5729109356,-0.0338305452522,14.3913126139,2.29318771134,38.8170632875,-111.985392805,972.241432331,2020-05-22 03:41:18,2020-05-22 03:40:35,975,975,2020-05-23 00:00:00,
10731--COSMOS 994,23092--COSMOS 2279,0.225015636574,2020-05-22 05:24:01.351000,4.9205439919,-4.75858053561,0.303923208029,-1.21461728374,14.2459592087,-0.0118955250363,13.8098142777,3.4980340032,60.1516734406,-93.9687402494,1002.9697001,2020-05-22 03:38:49,2020-05-22 03:04:44,975,975,2020-05-23 00:00:00,
12149--COSMOS 1241,6708--SL-8 R/B,0.230742974537,2020-05-22 05:32:16.193000,3.86757491216,-0.3980100127,1.16904032048,3.66511506778,14.0268138048,0.0231193197688,13.3640092402,-4.26077786779,27.3861712594,27.8192359183,988.178655668,2020-05-22 01:24:12,2020-05-22 04:17:17,975,975,2020-05-23 00:00:00,
24277--ADEOS,4420--SL-3 R/B,0.230825798611,2020-05-22 05:32:23.349000,3.80192400884,3.71016193693,0.461468319694,-0.690196755027,12.4380159012,0.00104367579003,10.336782241,6.91774322828,79.4370695185,98.3624721034,805.19656114,2020-05-22 00:06:29,2020-05-22 00:02:47,775,LEO,2020-05-23 00:00:00,
11378--COSMOS 1104,21876--SL-8 R/B,0.231565173611,2020-05-22 05:33:27.231000,3.31910935572,-3.31646952528,-0.0467295443211,0.123827108408,13.6343868315,0.0162678163062,12.6126472267,5.17854898261,-71.211817664,-80.4991550127,982.427843508,2020-05-21 21:45:34,2020-05-22 03:06:27,975,975,2020-05-23 00:00:00,
13114--SL-14 R/B,20104--SL-8 R/B,0.242459930556,2020-05-22 05:49:08.538000,0.161582572216,-0.0692714764953,-0.142327873601,-0.0324525281645,3.34098807671,6.36247003914e-05,0.74284991187,-3.25735710862,82.5375793202,-160.164491867,955.570504154,2020-05-21 22:47:09,2020-05-22 00:10:07,975,975,2020-05-23 00:00:00,
8591--COSMOS 789,9846--COSMOS 894,0.244745763889,2020-05-22 05:52:26.034000,4.3287901765,4.26926130057,-0.472268987033,0.537395890809,11.0397857503,0.00341782335357,8.30390519119,7.27475197561,79.3302351756,107.241872943,1023.2605289,2020-05-21 17:29:22,2020-05-21 22:58:55,975,975,2020-05-23 00:00:00,
14965--COSMOS 1550,10020--SL-8 R/B,0.256631736111,2020-05-22 06:09:32.982000,1.84617179964,1.40995301702,0.584758153159,-1.03847999782,12.8349034432,0.0199779814879,11.1738264506,6.31505738125,75.6634438893,105.479151603,982.853367134,2020-05-21 21:15:31,2020-05-21 20:56:53,975,975,2020-05-23 00:00:00,
12988--SL-14 R/B,31699--SL-24 R/B,0.262246747685,2020-05-22 06:17:38.119000,3.46191536898,-3.46069174534,-0.0660263473538,0.0641185400403,14.9105750831,-0.230712743914,14.6742145107,2.63428347578,82.4600407329,-85.6953576156,639.383060106,2020-05-22 02:57:03,2020-05-22 03:02:50,615,LEO,2020-05-23 00:00:00,
23342--RESURS O1,37731--CZ-2C R/B,0.264176041667,2020-05-22 06:20:24.810000,4.41468980913,-0.360489495746,-4.23225755329,1.20313317505,4.16404907022,-0.0366176959571,1.14148484327,4.00436963281,81.9235318029,114.625445663,643.966647629,2020-05-22 05:55:37,2020-05-22 02:52:27,615,LEO,2020-05-23 00:00:00,
4419--METEOR 1-5,25394--RESURS O1-N4,0.266590844907,2020-05-22 06:23:53.449000,1.35899234098,1.0348941344,-0.0065694820651,-0.880801427868,14.8767388861,0.00117681930235,14.8763418525,-0.108681128943,-78.2094995547,151.694134478,840.869463302,2020-05-21 18:58:58,2020-05-22 00:02:19,850,850,2020-05-23 00:00:00,
15593--SL-14 R/B,20666--SL-6 R/B(2),0.269234537037,2020-05-22 06:27:41.864000,4.62968210644,-2.51017056771,-1.21155758188,3.69663743874,14.3400187545,-0.0231695125561,13.6310539769,4.45308528221,16.3814676589,6.14509321797,617.397583562,2020-05-22 01:32:03,2020-05-21 12:02:58,615,615,2020-05-23 00:00:00,
23092--COSMOS 2279,10693--SL-8 R/B,0.291234780093,2020-05-22 06:59:22.685000,4.79189220141,0.341623763093,4.77744097493,0.146907472468,0.102883922729,0.0124127416479,0.00225224215269,-0.102107555089,82.4711734734,142.975657808,1000.11595905,2020-05-22 03:04:44,2020-05-22 03:38:06,975,975,2020-05-23 00:00:00,
10961--COSMOS 1023,27387--ARIANE 5 R/B,0.302544618056,2020-05-22 07:15:39.855000,4.13948625983,0.0964416779047,2.68648077168,-3.14783521828,11.3602093003,0.00688346961329,8.64125245045,7.37448737551,72.9312983704,-42.8158547252,785.107707227,2020-05-22 00:07:37,2020-05-21 20:44:19,775,775,2020-05-23 00:00:00,
11378--COSMOS 1104,21876--SL-8 R/B,0.304294861111,2020-05-22 07:18:11.076000,3.64039153159,-3.25650708213,0.621254226498,-1.50388008609,13.6344192262,0.0156119849132,12.6126640249,5.17859537874,-71.195223011,-106.786332935,982.435368142,2020-05-21 21:45:34,2020-05-22 06:47:52,975,975,2020-05-23 00:00:00,
4799--COSMOS 385,14966--SL-8 R/B,0.312657638889,2020-05-22 07:30:13.620000,1.91697202312,-0.738861037463,1.18253584355,1.31547523104,10.9425904526,0.00883519368476,8.14012629432,-7.31290309426,-71.7449882668,9.26349076661,999.98108548,2020-05-21 21:38:30,2020-05-22 03:21:48,975,975,2020-05-23 00:00:00,
23705--SL-16 R/B,15427--NOAA 9,0.313556666667,2020-05-22 07:31:31.296000,4.60250598829,-3.31908772923,0.757977397048,3.09712581008,14.4539448418,0.0194333218562,14.0442745879,-3.41679603394,64.2351949499,85.3885678483,844.84472291,2020-05-21 20:50:20,2020-05-21 21:20:27,850,850,2020-05-23 00:00:00,
10777--SL-8 R/B,16369--SL-8 R/B,0.315016782407,2020-05-22 07:33:37.450000,4.37341959683,1.86450937914,2.08910009474,3.35947384857,12.5469230664,-0.00461365652335,10.6563414811,-6.62326531152,76.5739316085,-50.2436928664,966.977506966,2020-05-22 00:11:26,2020-05-21 21:17:07,975,975,2020-05-23 00:00:00,
6393--SL-3 R/B,7364--SL-3 R/B,0.318731064815,2020-05-22 07:38:58.364000,3.63711828238,-3.34859600139,0.261259492003,-1.39544892323,14.506086323,-0.0921769672783,14.2166423466,2.88186124026,40.2074250759,9.17565955209,893.633164649,2020-05-22 02:19:41,2020-05-22 01:52:07,LEO,LEO,2020-05-23 00:00:00,
6149--SL-8 R/B,9062--SL-8 R/B,0.325403136574,2020-05-22 07:48:34.831000,3.30672652995,3.050058764,0.830753126598,0.970273735952,11.212926004,0.00377092515473,8.51048982056,-7.30077108022,79.1768546593,-87.2969957655,964.780416104,2020-05-22 00:23:23,2020-05-21 19:53:37,975,975,2020-05-23 00:00:00,
7768--COSMOS 729,14973--COSMOS 1553,0.327413703704,2020-05-22 07:51:28.544000,4.81840595878,2.59441368316,-1.66557865967,3.70295845949,13.4141140454,0.0399718024233,12.2441008508,5.4789462704,-72.6313153655,-57.9880760973,1009.65222405,2020-05-22 00:02:36,2020-05-21 23:50:59,975,975,2020-05-23 00:00:00,
19827--SL-8 R/B,21903--SL-8 R/B,0.3363328125,2020-05-22 08:04:19.155000,3.8815575944,1.19396313681,-3.62854330218,-0.688922993389,2.65994722278,-0.0496012120239,0.480307886968,-2.6157529091,82.8634541114,-170.720652014,1001.9440158,2020-05-21 23:23:42,2020-05-21 23:13:13,975,975,2020-05-23 00:00:00,
43620--PSLV R/B,28499--ARIANE 5 R/B,0.346143483796,2020-05-22 08:18:26.797000,2.92858780766,-2.91681107584,0.0876500992771,-0.247299727224,14.1224984412,-0.0333662350905,13.188868447,5.04951463031,67.640686966,-140.007427522,615.866394785,2020-05-22 06:12:04,2020-05-21 22:51:20,615,LEO,2020-05-23 00:00:00,
14546--COSMOS 1513,16369--SL-8 R/B,0.361266064815,2020-05-22 08:40:13.388000,2.09545139494,2.04786383083,-0.0904920151634,-0.434719995072,14.3968456882,0.00295438753406,14.0994191505,-2.91127749619,-52.7126347646,-107.51513652,1001.48350114,2020-05-22 08:05:58,2020-05-21 21:17:07,975,975,2020-05-23 00:00:00,
11378--COSMOS 1104,21876--SL-8 R/B,0.377024548611,2020-05-22 09:02:54.921000,4.66008790069,-3.19828180981,1.29038323767,-3.13405867959,13.6344485416,0.0149620152044,12.6126778716,5.17864075597,-71.1786054393,-133.073522356,982.44322392,2020-05-21 21:45:34,2020-05-22 06:47:52,975,975,2020-05-23 00:00:00,
23405--SL-16 R/B,28353--SL-16 R/B,0.3795940625,2020-05-22 09:06:36.927000,4.54261247585,-1.76946878692,2.12626469538,3.60323559638,12.7865522296,0.00467659502136,11.0135237064,-6.49601351755,-50.3111754212,-47.4209228374,859.405787182,2020-05-22 02:55:05,2020-05-22 00:52:42,850,850,2020-05-23 00:00:00,
19467--FENGYUN 1A,118--THOR ABLESTAR R/B,0.382124259259,2020-05-22 09:10:15.536000,2.65555324665,-0.509124695272,2.38165111408,-1.05853344835,6.04277175483,0.0481664720634,2.46254505768,5.51802884288,-46.2927669239,139.637878886,893.22745268,2020-05-22 02:32:52,2020-05-22 02:33:53,850,LEO,2020-05-23 00:00:00,
12803--COSMOS 1304,7615--LANDSAT 2,0.386567476852,2020-05-22 09:16:39.430000,0.666265624466,-0.656062019909,0.0383495840814,-0.10964405036,13.9931954297,0.0171646732138,13.2260989297,4.5694125234,81.283349527,30.3770411003,922.487833635,2020-05-21 20:42:33,2020-05-22 00:15:01,975,LEO,2020-05-23 00:00:00,
8873--COSMOS 823,17359--COSMOS 1816,0.40647119213,2020-05-22 09:45:19.111000,3.73287814038,-2.63775510305,1.73245122273,-1.99380038822,11.0800386491,0.000732597966972,8.36473453637,7.26625571146,79.2760352711,-17.8546201233,1016.48822802,2020-05-22 06:21:37,2020-05-21 19:58:48,975,975,2020-05-23 00:00:00,
10961--COSMOS 1023,27387--ARIANE 5 R/B,0.406945949074,2020-05-22 09:46:00.130000,4.8693328079,-4.20462333174,-1.60128008344,-1.86210814045,11.3193216363,-0.00980820447924,8.59391641171,-7.36692247919,-72.9182248978,99.4169930372,793.660396029,2020-05-22 00:07:37,2020-05-21 20:44:19,775,775,2020-05-23 00:00:00,
14402--SL-8 R/B,16953--SL-8 R/B,0.414043101852,2020-05-22 09:56:13.324000,4.45204809525,4.43920352921,-0.337938944402,0.00124036034449,1.77335419294,0.0163508144912,0.2080678412,-1.76102967548,73.9933146445,158.166350925,776.511637726,2020-05-22 09:30:42,2020-05-22 07:51:31,775,775,2020-05-23 00:00:00,
19336--METEOR 3-2,36589--SL-19 R/B,0.426022696759,2020-05-22 10:13:28.361000,3.90972756286,3.55312406236,0.0898980694801,1.62886382194,14.4421616473,-0.0871130922198,14.4292123049,-0.605207910403,50.4634990657,75.4181269181,1196.44295648,2020-05-22 01:05:37,2020-05-22 09:44:54,1200,LEO,2020-05-23 00:00:00,
21689--SL-3 R/B,28061--SL-19 R/B,0.43138806713,2020-05-22 10:21:11.929000,4.26331665023,-3.50961817172,-0.378121630393,2.39070558235,14.5647879915,0.12495160839,14.3562221784,2.45281901047,-15.3794948392,35.5409338632,911.857181196,2020-05-22 07:42:43,2020-05-21 20:40:49,LEO,LEO,2020-05-23 00:00:00,
13065--COSMOS 1339,24306--SL-8 R/B,0.442511030093,2020-05-22 10:37:12.953000,4.71475431121,-2.45443484925,-2.7694740352,2.92141598445,10.6698079387,0.0317871180905,7.72981994391,7.35484022007,-79.7655238901,89.9805032688,989.733103117,2020-05-21 14:04:19,2020-05-21 22:52:00,975,975,2020-05-23 00:00:00,
9494--COSMOS 861,13113--METEOR 2-8,0.458423472222,2020-05-22 11:00:07.788000,4.66412139165,4.59245263266,0.785360173032,-0.215908710838,3.01799409153,0.0327841765421,0.620526864432,2.95333031421,-39.4939443476,-154.800854792,973.888706472,2020-05-22 06:26:55,2020-05-22 03:33:44,975,975,2020-05-23 00:00:00,
12504--COSMOS 1275,19921--COSMOS 2016,0.479128229167,2020-05-22 11:29:56.679000,4.81364778413,4.49893049425,1.35299450393,1.04892100269,9.02344918654,0.00400853114957,5.5204601775,-7.1377264295,-81.1378380962,-79.2199517075,986.878507281,2020-05-22 10:12:53,2020-05-21 20:25:34,975,975,2020-05-23 00:00:00,
27597--ADEOS 2,25400--SL-16 R/B,0.479284155093,2020-05-22 11:30:10.151000,2.18542307352,-1.77810742006,-1.26440604931,0.125241189222,1.51993618202,-0.00250302071342,0.153316333585,1.51218181254,81.4273864563,-60.1374040712,812.20406714,2020-05-22 11:04:36,2020-05-22 09:24:01,775,LEO,2020-05-23 00:00:00,
13260--SL-8 R/B,20805--SL-8 R/B,0.479660347222,2020-05-22 11:30:42.654000,1.26516113016,-0.176261810351,-0.355210069835,1.20141178027,14.0997461148,0.0347998010064,13.5197451654,4.00226437643,18.4397873108,110.695287139,992.488249106,2020-05-22 10:08:44,2020-05-22 01:00:04,975,975,2020-05-23 00:00:00,
4800--SL-8 R/B,15056--SL-8 R/B,0.482626469907,2020-05-22 11:34:58.927000,4.74659256387,-0.988011782656,1.45896321233,4.40742555578,13.9867530741,0.0121656999532,13.2790064582,-4.3928465755,-50.5230705941,-178.058866215,980.444204762,2020-05-22 00:00:24,2020-05-21 20:48:16,975,975,2020-05-23 00:00:00,
11080--NIMBUS 7,28381--SL-8 R/B,0.487423738426,2020-05-22 11:41:53.411000,4.76313697571,3.48863493067,-2.9263612703,-1.39760863105,6.38085722017,0.0015212714169,2.7514830821,-5.75714142599,-70.477374516,43.6749948374,977.913998243,2020-05-22 10:28:49,2020-05-22 10:48:25,975,975,2020-05-23 00:00:00,
19324--COSMOS 1959,20578--SL-8 R/B,0.490749861111,2020-05-22 11:46:40.788000,3.27762739109,3.26650975678,0.256521229373,-0.0833797493084,5.14430068339,-0.017990719026,1.79612703826,4.82052212085,82.5062700085,-21.3741879339,998.865975653,2020-05-22 01:36:36,2020-05-22 11:38:03,975,975,2020-05-23 00:00:00,
17525--COSMOS 1821,23092--COSMOS 2279,0.509268483796,2020-05-22 12:13:20.797000,2.84943960459,2.28192656073,-1.57463159875,-0.657763300793,5.68502565968,0.00646857779309,2.19934228213,-5.24236286752,82.3759723512,62.2370015203,1002.53781247,2020-05-22 03:34:33,2020-05-22 03:04:44,975,975,2020-05-23 00:00:00,
16791--COSMOS 1758,20465--COSMOS 2058,0.517902615741,2020-05-22 12:25:46.786000,2.03367706706,-1.01768658991,-0.768751538825,-1.58403834845,13.6127149247,-0.00351809322532,12.2476650402,-5.94143890898,-72.6127734801,-153.551460564,589.160434105,2020-05-21 20:56:35,2020-05-22 09:33:11,615,615,2020-05-23 00:00:00,
33500--H-2A R/B,10974--SL-14 R/B,0.521469699074,2020-05-22 12:30:54.982000,4.90186002258,-4.60740733312,0.0167315720416,1.67324517094,15.0779947169,0.022517143885,15.077736868,-0.0852560963359,-25.024523947,-9.41471048814,623.409554398,2020-05-21 20:28:57,2020-05-22 08:22:04,615,615,2020-05-23 00:00:00,
10991--COSMOS 1027,11081--DELTA 1 R/B(+CAMEO),0.525341296296,2020-05-22 12:36:29.488000,3.63341662575,3.26508917573,-0.0368733700514,-1.59359637469,14.7279742401,-0.0317361751527,14.7222795345,-0.408293201693,41.5421112357,161.587065673,973.4135427,2020-05-21 19:38:01,2020-05-22 08:28:40,975,975,2020-05-23 00:00:00,
19275--SL-14 R/B,3229--COSMOS 220,0.535051099537,2020-05-22 12:50:28.415000,2.42235891402,0.226400828261,-0.575975311668,-2.34196879007,14.6535191551,-0.0162249409943,14.2286861296,-3.50283476691,31.8073718132,151.43040824,633.836741821,2020-05-22 02:27:24,2020-05-21 18:48:03,615,LEO,2020-05-23 00:00:00,
14973--COSMOS 1553,23527--SL-8 R/B,0.545448981481,2020-05-22 13:05:26.792000,4.29149696714,-1.74959331421,1.51683259388,3.61318257717,13.5434590634,-0.0374286736059,12.4807561094,-5.25876501028,-71.665364189,-138.125404375,1007.01432311,2020-05-22 10:47:36,2020-05-21 23:27:36,975,975,2020-05-23 00:00:00,
4419--METEOR 1-5,7209--METEOR 1-16,0.556045011574,2020-05-22 13:20:42.289000,4.52620704618,-0.833360743876,-1.46094684553,4.2021059494,14.0604399709,0.0115498557162,13.2797576617,4.61994320561,-62.5075665371,162.335832407,842.075303589,2020-05-21 18:58:58,2020-05-21 20:54:34,850,850,2020-05-23 00:00:00,
40720--PSLV R/B,9634--COSMOS 886,0.562072268519,2020-05-22 13:29:23.044000,4.49823465553,3.27905544886,-1.38686637919,2.74927481816,13.7930890828,-0.219038837196,12.2064694337,6.4189899827,64.7623460519,-38.8024548729,635.953767127,2020-05-22 08:19:32,2020-05-21 21:45:55,615,HIGH,2020-05-23 00:00:00,
17973--COSMOS 1844,24279--H-2 R/B,0.564262349537,2020-05-22 13:32:32.267000,3.37507379952,1.80871957867,-0.752695850819,-2.74829139542,14.4294392973,0.0706297742509,13.928502985,-3.76835965182,65.2767705081,-134.578111051,876.459526767,2020-05-22 13:02:30,2020-05-22 09:56:24,850,LEO,2020-05-23 00:00:00,
40058--PSLV R/B,16496--SL-14 R/B,0.576865810185,2020-05-22 13:50:41.206000,4.598595932,-4.06923876763,0.0527318770945,2.1414013512,15.0626869341,-0.0078555823714,15.0578340217,-0.382244080896,-74.0959487866,-154.783088049,646.931638228,2020-05-21 21:56:51,2020-05-22 10:05:14,615,615,2020-05-23 00:00:00,
11803--COSMOS 1181,27535--SL-8 R/B,0.582171203704,2020-05-22 13:58:19.592000,4.62706496099,3.55247240719,1.9661365266,2.21900362959,11.0156267087,-0.0165842382102,8.25832266084,-7.28998378453,79.3336838373,104.134947115,1013.47464841,2020-05-22 07:05:05,2020-05-22 03:24:27,975,975,2020-05-23 00:00:00,
10693--SL-8 R/B,13302--SL-8 R/B,0.584580659722,2020-05-22 14:01:47.769000,4.39208499854,0.416802028531,2.39980487455,3.6548082395,12.3038259384,0.0324751443104,10.2837875642,-6.75476064883,77.1283128435,116.761512394,1000.48092499,2020-05-22 03:38:06,2020-05-22 12:25:33,975,LEO,2020-05-23 00:00:00,
10991--COSMOS 1027,11081--DELTA 1 R/B(+CAMEO),0.59779130787,2020-05-22 14:20:49.169000,4.19120745003,3.68815475867,0.0621255325984,1.98994341213,14.7280516206,-0.031657469892,14.7226474428,-0.397686585543,40.3593393933,135.122816242,973.479060953,2020-05-21 19:38:01,2020-05-22 08:28:40,975,975,2020-05-23 00:00:00,
15505--COSMOS 1627,21231--SL-8 R/B,0.619875833333,2020-05-22 14:52:37.272000,3.26012727374,0.366100856563,-1.09243736323,3.0497509097,13.8032316054,-0.0489394564491,12.993289883,4.65845743767,-68.7785999716,130.255658272,1022.85681626,2020-05-21 22:24:35,2020-05-21 20:33:11,975,975,2020-05-23 00:00:00,
20103--NADEZHDA 1,11681--SL-8 R/B,0.622441886574,2020-05-22 14:56:18.979000,1.75089591137,1.459560381,0.214593675755,-0.943010891242,14.3417364337,-0.016615749452,13.9912754835,3.1510852409,56.1694968805,44.2177906702,1002.66864566,2020-05-22 00:50:02,2020-05-22 12:51:30,975,975,2020-05-23 00:00:00,
12836--SL-8 R/B,10704--DELTA 1 R/B,0.632468645833,2020-05-22 15:10:45.291000,3.09345281424,2.03852345138,-2.02721442061,-1.14204822356,7.28574214815,0.0494906646906,3.61372493267,-6.32618221634,73.5666814847,-82.6635769272,971.134395953,2020-05-22 03:08:38,2020-05-21 18:02:47,975,LEO,2020-05-23 00:00:00,
9443--COSMOS 858,12443--SL-8 R/B,0.6445728125,2020-05-22 15:28:11.091000,0.877351749463,-0.874231921096,0.04368399136,0.059635134958,12.0527934731,0.00150015245673,9.7312624954,-7.11142450577,62.3788267037,-71.647488127,788.368787475,2020-05-22 14:56:37,2020-05-22 01:46:14,775,775,2020-05-23 00:00:00,
15475--SL-14 R/B,17588--SL-14 R/B,0.644886851852,2020-05-22 15:28:38.224000,0.881042789641,0.279169926483,0.467825990194,-0.692415621015,11.765408115,0.00726714540078,9.74685639201,6.58965596777,-76.7442707978,44.736267723,1499.10629138,2020-05-22 01:00:52,2020-05-22 12:30:14,1500,1500,2020-05-23 00:00:00,
5846--COSMOS 475,13600--COSMOS 1412,0.651261539352,2020-05-22 15:37:48.997000,0.657671824234,0.187411152976,0.226898273196,-0.588155134086,13.7023814817,0.0263794110536,12.7808577935,4.94006441846,13.4219188435,101.482487304,987.167102667,2020-05-22 14:19:06,2020-05-22 03:13:35,975,975,2020-05-23 00:00:00,
9443--COSMOS 858,12443--SL-8 R/B,0.679405671296,2020-05-22 16:18:20.650000,4.82927474652,4.74822193165,0.518027769355,-0.712692286577,12.0356909431,0.00646201302281,9.71541122225,7.10412552703,-62.3741914923,95.7215757757,801.333261633,2020-05-22 14:56:37,2020-05-22 01:46:14,775,775,2020-05-23 00:00:00,
37181--CZ-4B R/B,38757--PSLV R/B,0.698835902778,2020-05-22 16:46:19.422000,3.59727200155,3.35471553775,0.55098481498,-1.17586786995,13.6574614542,-0.0426626695408,12.414350073,5.69283282145,-70.7079892497,151.342202271,663.290602738,2020-05-21 22:14:57,2020-05-22 08:58:22,615,615,2020-05-23 00:00:00,
18160--COSMOS 1864,24306--SL-8 R/B,0.700571793981,2020-05-22 16:48:49.403000,2.96409398481,2.11629243287,1.2738509674,-1.63843315464,11.5944447349,-0.00318353366193,9.15478845558,7.1148427186,78.5033965538,-83.497877895,1015.31256332,2020-05-22 16:42:11,2020-05-22 16:19:54,975,975,2020-05-23 00:00:00,
10731--COSMOS 994,15293--SL-8 R/B,0.7070603125,2020-05-22 16:58:10.011000,3.58950471918,-0.0593529971311,-1.82205571709,3.09210839309,12.6733355279,0.00696755431598,10.918784183,6.43378091194,-76.0785275946,49.4178572973,1001.58821223,2020-05-22 16:24:01,2020-05-22 01:44:49,975,975,2020-05-23 00:00:00,
22590--COSMOS 2239,16511--SL-8 R/B,0.720594803241,2020-05-22 17:17:39.391000,4.33113085005,-0.281021612738,0.933599417663,-4.21996604498,14.3681897906,-0.0349178229653,14.0284205895,3.10597398104,-55.4021527925,-163.854844485,993.020871511,2020-05-22 16:07:45,2020-05-22 00:34:30,975,975,2020-05-23 00:00:00,
14057--COSMOS 1459,21230--COSMOS 2142,0.723790277778,2020-05-22 17:22:15.480000,4.64643210398,-3.69873629822,2.5169808845,1.25438762759,6.54299924007,-0.000499516431261,2.9182705528,-5.8561536683,82.1697260718,-5.02830459167,1024.57319109,2020-05-22 02:57:34,2020-05-22 08:55:42,975,975,2020-05-23 00:00:00,
16720--SL-14 R/B,43012--CZ-4C R/B,0.723930821759,2020-05-22 17:22:27.623000,3.37629422289,1.49977582638,-0.238933650428,-3.01545118694,15.1027569384,-0.00503306463032,15.0555003531,-1.19379685295,78.4934506297,-138.37752567,630.362153917,2020-05-22 15:54:40,2020-05-22 02:05:24,615,LEO,2020-05-23 00:00:00,
37215--CZ-4C R/B,11574--SL-8 R/B,0.725344652778,2020-05-22 17:24:29.778000,4.30013324032,-0.277927909999,-1.60973720856,3.97776923422,13.8151112559,-0.0511958007341,12.8071215793,5.17999178128,-73.7430702119,157.187410992,788.740267764,2020-05-21 21:50:02,2020-05-22 02:50:40,775,775,2020-05-23 00:00:00,
12681--COSMOS 1295,16368--COSMOS 1709,0.729154444444,2020-05-22 17:29:58.944000,4.45470063993,-2.56284922606,3.60212847087,-0.548481645349,2.44548566164,0.0535260549603,0.405213888471,2.41108622561,82.8684070763,-89.6981738137,994.374318601,2020-05-22 15:39:10,2020-05-22 15:32:28,975,975,2020-05-23 00:00:00,
20103--NADEZHDA 1,11681--SL-8 R/B,0.731439097222,2020-05-22 17:33:16.338000,4.72004061396,4.59973612927,0.23105791238,1.03335530172,14.3604738355,0.00532923974407,14.0094226862,-3.15582895273,-56.1707174219,-175.208712945,994.63626256,2020-05-22 00:50:02,2020-05-22 12:51:30,975,975,2020-05-23 00:00:00,
9022--COSMOS 841,8344--SL-8 R/B,0.743453831019,2020-05-22 17:50:34.411000,0.683012332931,0.65962882325,0.123542326521,-0.127015573973,10.6911205478,-0.00408703300965,7.66262238016,7.45548523721,66.9137815628,-57.4500279682,788.534432725,2020-05-22 17:30:16,2020-05-21 21:19:36,775,775,2020-05-23 00:00:00,
12150--SL-8 R/B,18821--SL-14 R/B,0.746616365741,2020-05-22 17:55:07.654000,3.24873883217,-0.785682329044,-3.11220022388,-0.501215566325,2.30026291232,-0.0304695614637,0.373240753058,-2.2695753814,-20.5278476414,137.578241945,960.507016536,2020-05-22 12:47:53,2020-05-21 21:12:50,975,975,2020-05-23 00:00:00,
14084--COSMOS 1464,15506--SL-8 R/B,0.748071226852,2020-05-22 17:57:13.354000,3.14262070379,-2.77612113278,-0.18380981011,1.46131115705,14.5969429375,-0.0131376739528,14.4859568754,1.79655891191,-3.37243215085,-105.237194457,987.550943045,2020-05-22 16:30:46,2020-05-22 17:49:20,975,975,2020-05-23 00:00:00,
29713--PSLV R/B,38341--H-2A R/B,0.761437372685,2020-05-22 18:16:28.189000,3.16940682536,0.588718321821,-0.450347259666,3.08151548883,14.9861259314,-0.0191791887009,14.8284494447,2.16810739085,9.76866087096,140.727575297,597.165495967,2020-05-22 17:30:39,2020-05-22 11:45:28,615,615,2020-05-23 00:00:00,
9044--SL-8 R/B,40047--SL-24 R/B,0.76989537037,2020-05-22 18:28:38.960000,4.15463785391,-3.63853206142,-0.0842568651305,2.00374671948,14.7052541917,-0.420237860567,14.6985019125,-0.148130052832,-39.6858345291,39.8973856392,1002.14463528,2020-05-22 06:46:38,2020-05-22 15:41:35,975,LEO,2020-05-23 00:00:00,
9610--COSMOS 883,12682--SL-8 R/B,0.779999756944,2020-05-22 18:43:11.979000,3.12086671768,-2.77345033581,-0.208200012935,-1.41578072416,14.565244279,-0.0388376921308,14.4211726209,-2.0431869172,-28.8994850455,129.779078413,985.866161247,2020-05-22 10:43:27,2020-05-22 10:09:05,975,975,2020-05-23 00:00:00,
23533--DMSP 5D-2 F13 (USA 109),25942--CZ-4B R/B,0.781123310185,2020-05-22 18:44:49.054000,1.92076526765,-0.0684393788706,-1.84159829065,0.541452676352,4.0663345042,-0.0134271704508,1.14742956992,3.901064136,80.9115553986,-121.225595507,851.994960308,2020-05-21 23:54:20,2020-05-22 18:37:49,850,LEO,2020-05-23 00:00:00,
2142--OAO 1,22830--ARIANE 40 R/B,0.789648761574,2020-05-22 18:57:05.653000,3.67936092027,-1.87869995653,-2.64292052479,-1.65849863153,7.88479725168,0.0151375490956,4.16327361101,-6.69603997857,-2.28015604435,27.9416512002,782.310094641,2020-05-22 13:57:22,2020-05-22 02:11:11,775,775,2020-05-23 00:00:00,
7008--COSMOS 627,10991--COSMOS 1027,0.790843240741,2020-05-22 18:58:48.856000,4.00429937344,3.96327314766,-0.399567175545,-0.408932147699,10.3257519394,-0.0231224170331,7.274596296,-7.3280875539,-80.0839618436,14.4299522158,1029.05871098,2020-05-22 14:31:23,2020-05-21 19:38:01,975,975,2020-05-23 00:00:00,
22590--COSMOS 2239,16511--SL-8 R/B,0.793330925926,2020-05-22 19:02:23.792000,1.50167299529,-0.393858380883,0.312315373313,-1.41504645443,14.3681375567,-0.0342975834561,14.0283749057,3.10594559338,-55.4524935023,169.814854425,993.001289933,2020-05-22 16:07:45,2020-05-22 00:34:30,975,975,2020-05-23 00:00:00,
13127--COSMOS 1349,26550--DNEPR 1 R/B,0.794082615741,2020-05-22 19:03:28.738000,1.40265325041,0.688445793511,-1.17456684818,-0.337448143356,4.72495949124,0.416333425303,1.52354927704,-4.45316811644,55.9954221965,6.74249734193,976.239747315,2020-05-22 16:51:59,2020-05-22 06:17:53,975,LEO,2020-05-23 00:00:00,
13758--SL-8 R/B,21876--SL-8 R/B,0.802792430556,2020-05-22 19:16:01.266000,4.70183570136,1.5119490895,-0.585103992619,4.41349320054,14.5845657093,0.0309980481331,14.4595336975,1.90538219325,-19.6345156275,54.095928439,986.887369949,2020-05-22 17:37:15,2020-05-22 06:47:52,975,975,2020-05-23 00:00:00,
17590--SL-16 R/B,15755--COSMOS 1656,0.820613819444,2020-05-22 19:41:41.034000,4.13851584455,-2.83268671038,-1.25886300099,-2.74198164494,13.492874551,-0.0123891353769,12.2670676448,-5.61930258624,-38.9809088909,75.1618010217,850.776924054,2020-05-22 01:42:30,2020-05-22 16:30:37,850,LEO,2020-05-23 00:00:00,
14085--SL-8 R/B,22007--SL-8 R/B,0.820666921296,2020-05-22 19:41:45.622000,1.70554135102,1.17838420028,-0.334684861799,1.18670468941,14.1981328,0.0338794991908,13.6740279433,3.82188265014,62.9427102405,-147.290640692,979.384225357,2020-05-22 15:53:58,2020-05-22 17:23:19,975,975,2020-05-23 00:00:00,
19531--NOAA 11,24298--SL-16 R/B,0.820989351852,2020-05-22 19:42:13.480000,4.12663821657,-4.11922958222,-0.0485685462703,-0.242346272405,14.5914755625,-0.00192159271978,14.3170600978,-2.81654851813,58.1763002985,-178.057952084,848.601535457,2020-05-22 14:02:36,2020-05-22 17:42:12,850,850,2020-05-23 00:00:00,
9848--SL-8 R/B,21153--SL-8 R/B,0.821300138889,2020-05-22 19:42:40.332000,2.90445859201,2.90289267187,0.0375709629331,-0.08764856579,14.0304535125,-0.0428624083959,13.3569128044,4.29472570905,66.4223935136,113.046286426,985.679174888,2020-05-21 21:13:33,2020-05-22 01:55:36,975,975,2020-05-23 00:00:00,
28651--PSLV R/B,36039--SL-19 R/B,0.821884872685,2020-05-22 19:43:30.853000,2.31025614371,-2.31020844855,-0.00745334614006,-0.0128382802907,14.8158798171,-0.0359372118319,14.6627838763,-2.12409328142,10.0567211115,-116.204478511,682.822334019,2020-05-22 11:31:50,2020-05-21 20:22:49,LEO,LEO,2020-05-23 00:00:00,
29713--PSLV R/B,38341--H-2A R/B,0.828827141204,2020-05-22 19:53:30.665000,4.08127099672,0.546180207055,0.585850909486,-4.0019044019,14.9860877803,-0.0202176960593,14.8284003976,2.1681697008,9.58255191203,116.441320781,597.142664323,2020-05-22 17:30:39,2020-05-22 11:45:28,615,615,2020-05-23 00:00:00,
8073--SL-8 R/B,28061--SL-19 R/B,0.832361539352,2020-05-22 19:58:36.037000,1.60462919127,1.60325090105,0.0135305374487,0.0651023370826,14.6979823379,-0.108133510206,14.694028792,-0.323279769575,-23.6734542857,64.4411969432,975.012646789,2020-05-22 09:56:31,2020-05-22 19:01:08,975,LEO,2020-05-23 00:00:00,
15099--METEOR 2-11,20826--METEOR 2-20,0.836199131944,2020-05-22 20:04:07.605000,1.45310310999,-1.38754348052,0.102629449173,0.41916456683,14.3547191068,0.0143334924911,13.9555377561,-3.36165452184,56.4048552788,-6.86984747769,952.168103587,2020-05-22 00:24:18,2020-05-22 14:35:24,975,975,2020-05-23 00:00:00,
12682--SL-8 R/B,15506--SL-8 R/B,0.839262627315,2020-05-22 20:08:32.291000,1.30357912838,-1.2952791209,-0.117919417657,-0.0875531487235,8.4849499373,0.0266806868648,4.88155399994,-6.94003559971,-81.3730277679,-13.145170067,980.131736595,2020-05-22 10:09:05,2020-05-22 17:49:20,975,975,2020-05-23 00:00:00,
7476--COSMOS 689,9044--SL-8 R/B,0.842139108796,2020-05-22 20:12:40.819000,3.7592566214,-3.68640549255,0.126252923828,0.725592922565,14.5003964398,0.0211799863067,14.304056933,-2.37802514225,-41.9301819291,13.2906544367,999.226588813,2020-05-22 15:53:27,2020-05-22 06:46:38,975,975,2020-05-23 00:00:00,
22590--COSMOS 2239,16511--SL-8 R/B,0.866067060185,2020-05-22 20:47:08.194000,1.5107035431,-0.505649289475,-0.309098430851,1.38960503426,14.3680857257,-0.0336771816245,14.0283301754,3.10591464128,-55.502826319,143.484504929,992.981750319,2020-05-22 16:07:45,2020-05-22 00:34:30,975,975,2020-05-23 00:00:00,
14973--COSMOS 1553,8874--SL-8 R/B,0.867782303241,2020-05-22 20:49:36.391000,3.32931856717,-0.133933604044,-0.61216559372,3.26981302176,14.4919962938,0.0205987184969,14.2442830376,2.66794546748,48.252287531,-88.6228065113,978.522966249,2020-05-22 10:47:36,2020-05-22 16:41:45,975,975,2020-05-23 00:00:00,
9738--SL-8 R/B,36520--SL-8 R/B,0.869160416667,2020-05-22 20:51:35.460000,4.00753386939,-2.96894334794,1.4188631906,2.28747248232,12.5241952364,0.0118417454599,10.6491838598,-6.59167726853,76.5867863441,-91.0830243117,992.441189687,2020-05-22 15:21:33,2020-05-22 18:50:44,975,975,2020-05-23 00:00:00,
18709--COSMOS 1904,11804--SL-8 R/B,0.872297928241,2020-05-22 20:56:06.541000,2.53015009071,-2.32697671646,-0.645873407638,-0.754775717622,11.1716588207,0.0170638026633,8.46045323623,-7.29564258106,79.1990486804,-138.391966251,976.387133234,2020-05-22 17:30:32,2020-05-22 18:47:41,975,975,2020-05-23 00:00:00,
10776--COSMOS 1000,11803--COSMOS 1181,0.875275810185,2020-05-22 21:00:23.830000,2.5818503465,-1.9544801533,-0.660160342302,1.55246477079,13.5291304588,-0.0258625004518,12.4622600433,5.2658120661,71.6795144497,17.0562757011,1011.14192431,2020-05-22 17:47:35,2020-05-22 17:16:48,975,975,2020-05-23 00:00:00,
22285--SL-16 R/B,7715--SL-3 R/B,0.876925358796,2020-05-22 21:02:46.351000,4.12355540713,-0.208455697426,1.55720137848,3.81252925034,13.7693069072,-0.0175276244418,12.7466654312,-5.20730504879,50.3845278563,85.116863864,853.786475393,2020-05-22 08:34:42,2020-05-22 20:48:23,850,LEO,2020-05-23 00:00:00,
12682--SL-8 R/B,14451--SL-8 R/B,0.882967997685,2020-05-22 21:11:28.435000,4.22759762406,-0.00108313291762,-0.984286122124,-4.11141840823,14.324823417,-0.0335577752807,13.9307005466,-3.33691805182,58.2690003828,-95.0761834017,982.027935592,2020-05-22 10:09:05,2020-05-21 22:15:13,975,975,2020-05-23 00:00:00,
13757--COSMOS 1428,21903--SL-8 R/B,0.8870996875,2020-05-22 21:17:25.413000,1.82288878981,1.73012359096,-0.18429023109,-0.543721445932,13.9477729378,0.0043702201376,13.2153664622,-4.46031838499,-67.4346623922,-106.971123129,994.076591161,2020-05-22 20:43:38,2020-05-22 10:10:36,975,975,2020-05-23 00:00:00,
9848--SL-8 R/B,21153--SL-8 R/B,0.894028969907,2020-05-22 21:27:24.103000,4.85605948151,2.77912043199,-1.21066870336,3.79369010373,14.0304019712,-0.0416466688287,13.356884014,4.2946588299,66.37295255,86.6988182656,985.639063741,2020-05-21 21:13:33,2020-05-22 01:55:36,975,975,2020-05-23 00:00:00,
6829--SL-8 R/B,17291--SL-14 R/B,0.8947953125,2020-05-22 21:28:30.315000,4.80566892749,2.37524271118,2.36487176175,3.44384341312,12.1598201085,-0.00523948755427,10.0255845371,-6.88105023306,77.07954905,-86.9006190762,969.773235192,2020-05-22 12:31:07,2020-05-22 21:05:34,975,975,2020-05-23 00:00:00,
21688--IRS 1B,7715--SL-3 R/B,0.896885196759,2020-05-22 21:31:30.881000,4.33381918736,4.28907147687,0.00842759728306,0.621114796647,14.7817305703,-0.0201846712294,14.7816132692,-0.0553208271358,27.7043378124,-117.4863846,910.503946409,2020-05-22 16:34:17,2020-05-22 20:48:23,LEO,LEO,2020-05-23 00:00:00,
40058--PSLV R/B,15370--SL-14 R/B,0.897606909722,2020-05-22 21:32:33.237000,1.95577817044,1.01428519895,-0.0108549539141,1.67217701131,15.0792117471,0.0111443080641,15.0789340955,0.0908254492006,-9.93182699203,-121.710996556,633.571287747,2020-05-21 21:56:51,2020-05-21 21:18:32,615,615,2020-05-23 00:00:00,
8073--SL-8 R/B,28061--SL-19 R/B,0.904522384259,2020-05-22 21:42:30.734000,2.64379287072,-2.4130269096,-0.0414841756937,-1.07945400087,14.6917409817,-0.10454529322,14.6876638058,-0.329932238078,-26.4129178165,37.9240625988,976.490451493,2020-05-22 09:56:31,2020-05-22 19:01:08,975,LEO,2020-05-23 00:00:00,
32063--CZ-4B R/B,5175--SL-8 R/B,0.904779537037,2020-05-22 21:42:52.952000,3.56519307648,-3.52970626774,0.303911088783,0.399266059402,12.1260301598,0.0503015977669,9.85629382159,-7.06339502568,-73.8410101692,90.9616504918,782.211916384,2020-05-22 16:10:43,2020-05-22 03:46:43,775,775,2020-05-23 00:00:00,
18122--COSMOS 1860,12804--SL-8 R/B,0.913569907407,2020-05-22 21:55:32.440000,2.63365532934,2.29635968131,-0.670765956915,-1.10133811288,12.6811285119,0.030884260892,10.8588496533,-6.54946186382,-56.351035519,29.2568862714,926.990138994,2020-05-22 17:16:20,2020-05-22 15:48:51,975,975,2020-05-23 00:00:00,
8923--COSMOS 836,25261--ARIANE 40 R/B,0.919554293981,2020-05-22 22:04:09.491000,2.25464856532,-2.01642123041,0.929575261383,0.391631725063,5.74591723433,-0.00985971882918,2.21369214043,-5.30236124356,56.2847982178,-123.826096778,786.470461785,2020-05-22 21:47:29,2020-05-22 16:46:45,775,775,2020-05-23 00:00:00,
11378--COSMOS 1104,21876--SL-8 R/B,0.922465949074,2020-05-22 22:08:21.058000,3.51647317838,1.76924183558,-1.15382588742,-2.81141472625,13.5808089987,-0.00837702630252,12.5623117203,-5.16009952695,71.2393180384,-150.451829807,1013.89155382,2020-05-22 18:38:48,2020-05-22 06:47:52,975,975,2020-05-23 00:00:00,
13033--COSMOS 1333,13758--SL-8 R/B,0.937161377315,2020-05-22 22:29:30.743000,4.83627624969,4.2271449176,-0.915631974033,-2.16389276468,13.5531531959,-0.00888368124093,12.4754397936,-5.29634634314,-71.7114866589,-14.0145281297,992.947168366,2020-05-22 16:18:17,2020-05-22 17:37:15,975,975,2020-05-23 00:00:00,
22590--COSMOS 2239,16511--SL-8 R/B,0.93880318287,2020-05-22 22:31:52.595000,4.3399942402,-0.61639428971,-0.930076949977,4.19411074624,14.3680342986,-0.0330560560094,14.0282864006,3.10588112564,-55.5531489863,117.154107532,992.962251465,2020-05-22 16:07:45,2020-05-22 00:34:30,975,975,2020-05-23 00:00:00,
14973--COSMOS 1553,8874--SL-8 R/B,0.940542268519,2020-05-22 22:34:22.852000,0.957850502777,-0.00202771619228,-0.176691371415,0.941410448903,14.4919331691,0.0201845663508,14.2442125953,2.6679818405,48.3019080583,-114.928140112,978.629558745,2020-05-22 10:47:36,2020-05-22 16:41:45,975,975,2020-05-23 00:00:00,
15099--METEOR 2-11,20826--METEOR 2-20,0.944532708333,2020-05-22 22:40:07.626000,4.59433317721,-4.31557938309,0.367882380961,-1.5324276444,14.3147411726,-0.00391620513999,13.9168405841,3.35161866213,-56.3859626091,133.944980561,971.116576221,2020-05-22 00:24:18,2020-05-22 14:35:24,975,975,2020-05-23 00:00:00,
9510--SL-8 R/B,21231--SL-8 R/B,0.949983738426,2020-05-22 22:47:58.595000,3.28502978346,-1.20985754265,-2.21929552578,-2.09818797395,10.1341071644,0.0304535215026,6.95329279606,-7.37230763706,80.3391030393,-141.447559766,968.577301717,2020-05-22 11:52:31,2020-05-22 19:13:09,975,975,2020-05-23 00:00:00,
18122--COSMOS 1860,12682--SL-8 R/B,0.954124918981,2020-05-22 22:53:56.393000,4.96525015894,2.80584163172,3.19723782396,-2.56098265819,9.22253190843,-0.0149542016305,5.77405273869,7.19132714765,65.0419963129,-124.638848629,989.0851069,2020-05-22 17:16:20,2020-05-22 10:09:05,975,975,2020-05-23 00:00:00,
12682--SL-8 R/B,14451--SL-8 R/B,0.955561921296,2020-05-22 22:56:00.550000,0.245969004654,-0.1719330973,0.0404276838112,0.171188094459,14.3248961988,-0.034576780447,13.9307843574,-3.33687020109,58.1973409882,-121.303229794,981.89519994,2020-05-22 10:09:05,2020-05-21 22:15:13,975,975,2020-05-23 00:00:00,
14450--COSMOS 1506,11080--NIMBUS 7,0.957415694444,2020-05-22 22:58:40.716000,3.34792815171,3.31659532617,0.031528076984,-0.455877540322,14.7278609343,0.0180892087172,14.683700961,1.13951154854,71.4170790605,52.7766984074,961.339552763,2020-05-22 21:00:33,2020-05-22 10:28:49,975,975,2020-05-23 00:00:00,
6707--COSMOS 574,14625--SL-8 R/B,0.965916631944,2020-05-22 23:10:55.197000,0.430623797892,-0.384830889226,0.134251631372,0.138991156127,10.6069529233,0.00958993666714,7.65278200065,-7.34454123827,-79.8286595402,20.7503565857,1006.11393147,2020-05-22 18:43:12,2020-05-22 20:53:10,975,975,2020-05-23 00:00:00,
20788--FENGYUN 1B,7575--SL-3 R/B,0.968371886574,2020-05-22 23:14:27.331000,3.44614874973,3.32074990647,-0.139761403014,-0.910509755147,14.576731609,-0.0262985415917,14.3929658234,-2.30715140213,-81.1555972697,20.2763288491,920.183178377,2020-05-22 21:57:49,2020-05-22 18:34:20,850,850,2020-05-23 00:00:00,
37181--CZ-4B R/B,21398--SL-14 R/B,0.970336909722,2020-05-22 23:17:17.109000,4.35786656392,-1.58986075679,-0.098456542883,-4.0563099083,15.0500604937,-0.0662074382087,15.0461053953,-0.338599869307,-80.6200054505,-48.4690750032,642.87575502,2020-05-22 19:04:10,2020-05-22 20:28:23,615,615,2020-05-23 00:00:00,
12092--SL-8 R/B,18161--SL-8 R/B,0.9755409375,2020-05-22 23:24:46.737000,4.86155923039,0.790734329743,0.659630082409,4.75125094314,14.5432217152,-0.0202243464413,14.4054485522,-1.99698293511,-26.7375932687,119.27558107,1002.11882209,2020-05-22 10:43:47,2020-05-22 15:04:55,975,975,2020-05-23 00:00:00,
9738--SL-8 R/B,36520--SL-8 R/B,0.978363310185,2020-05-22 23:28:50.590000,4.6356625863,-3.33969435476,1.68963990939,-2.73512818848,12.4752683171,-0.0103295916821,10.6076981521,6.56574084144,-76.583293004,49.4243199991,1021.07115494,2020-05-22 15:21:33,2020-05-22 18:50:44,975,975,2020-05-23 00:00:00,
15505--COSMOS 1627,25567--NADEZHDA 5,0.980124456019,2020-05-22 23:31:22.753000,3.83001405377,-1.02625470354,3.58308875952,-0.881637043787,3.46711111674,-0.0417878143625,0.8170508834,3.36920482136,-82.7603712535,-58.0055821744,1033.53420901,2020-05-22 21:07:51,2020-05-22 19:15:26,975,975,2020-05-23 00:00:00,
11803--COSMOS 1181,27535--SL-8 R/B,0.982718564815,2020-05-22 23:35:06.884000,3.45770165438,-0.149402825841,-2.28525739466,2.59055557101,11.0354574916,0.0202250974205,8.27475149147,7.30132869752,-79.362097287,139.112234789,998.348895732,2020-05-22 17:16:48,2020-05-22 14:08:46,975,975,2020-05-23 00:00:00,
11736--SL-8 R/B,27006--SL-16 R/B,0.983382789352,2020-05-22 23:36:04.273000,2.83975820988,2.0605995128,0.213068366791,-1.94235892912,14.6250524589,0.0203291312308,14.5353045768,1.61761151396,76.2727407472,-2.15985846627,1001.38469864,2020-05-22 09:09:08,2020-05-22 01:04:22,975,975,2020-05-23 00:00:00,
36597--CZ-2D R/B,15332--SL-14 R/B,0.98368380787,2020-05-22 23:36:30.281000,2.53558005313,2.19436394206,-0.162770688417,1.25993602957,14.8915174648,-0.0147743767793,14.7653623357,1.93420506139,-82.1556558953,-38.9692895368,664.572297515,2020-05-22 22:24:17,2020-05-22 09:41:26,615,615,2020-05-23 00:00:00,
25261--ARIANE 40 R/B,8924--SL-8 R/B,0.990530543981,2020-05-22 23:46:21.839000,4.3971146863,0.475498780927,0.645322940558,-4.32343344764,14.7611568489,-0.0144019842238,14.5995717875,2.17808349752,62.1481880758,-152.932708564,789.44966234,2020-05-22 16:46:45,2020-05-22 22:06:56,775,775,2020-05-23 00:00:00,
11378--COSMOS 1104,21876--SL-8 R/B,0.995196111111,2020-05-22 23:53:04.944000,2.14680840019,1.70989882828,-0.492116379687,-1.20118848356,13.5807774615,-0.00904935065865,12.5622864762,-5.16007684596,71.2229649239,-176.739425793,1013.87443085,2020-05-22 18:38:48,2020-05-22 06:47:52,975,975,2020-05-23 00:00:00,

